City_ID,City,Lat,Lng,Max Temp,Humidity,Cloudiness,Wind Speed,Country,Date
0,negapatam,10.7667,79.8333,28.22,80,100,4.15,IN,1689460269
1,xilin hot,43.9667,116.0333,16.22,57,0,1.6,CN,1689459839
2,port alfred,-33.5906,26.891,16.58,76,89,3.2,ZA,1689460045
3,lagos,6.5833,3.75,25.13,89,88,2.04,NG,1689460270
4,aasiaat,68.7098,-52.8699,3.16,96,100,4.55,GL,1689460082
5,tyuratam,45.6507,63.3156,23.71,29,0,1.49,KZ,1689460270
6,grytviken,-54.2811,-36.5092,-5.21,80,7,3.04,GS,1689460046
7,knyaze-volkonskoye,48.4642,135.4567,16.19,80,100,2.72,RU,1689460271
8,badger,64.8,-147.5333,19.73,63,100,3.09,US,1689460063
9,carutapera,-1.195,-46.02,25.06,88,91,3.26,BR,1689459915
10,sorong,-0.8833,131.25,23.98,91,100,2.08,ID,1689460078
11,longyearbyen,78.2186,15.6401,10.91,66,0,5.66,SJ,1689460067
12,port-aux-francais,-49.35,70.2167,1.62,58,98,7.83,TF,1689460045
13,puerto ayora,-0.7393,-90.3518,28.98,89,41,3.58,EC,1689460040
14,tiksi,71.6872,128.8694,2.06,97,100,5.77,RU,1689460052
15,conde,-7.2597,-34.9075,25.7,83,20,4.12,BR,1689460140
16,heihe,50.2441,127.4902,18.32,70,100,2.79,CN,1689460273
17,papatowai,-46.5619,169.4708,8.3,80,70,8.09,NZ,1689460067
18,waitangi,-43.9535,-176.5597,10.46,83,98,2.24,NZ,1689460040
19,adamstown,-25.066,-130.1015,22.13,82,86,9.26,PN,1689460047
20,midvagur,62.0511,-7.1939,12.46,76,75,6.69,FO,1689459923
21,port mathurin,-19.6833,63.4167,23.23,81,17,7.51,MU,1689460056
22,kanggye,40.9695,126.5852,21.33,94,96,1.51,KP,1689460274
23,bredasdorp,-34.5322,20.0403,13.1,59,80,3.49,ZA,1689460063
24,ribeira grande,38.5167,-28.7,19.87,94,100,0.89,PT,1689460067
25,tolanaro,-25.0319,46.9987,20.04,73,20,4.12,MG,1689460093
26,kavieng,-2.5744,150.7967,27.84,78,94,4.6,PG,1689459900
27,menongue,-14.6585,17.691,13.25,44,36,2.33,AO,1689459909
28,tobelo,1.7284,128.0095,25.31,86,100,2.86,ID,1689460275
29,banbridge,54.35,-6.2833,15.42,97,96,6.85,GB,1689460275
30,atafu village,-8.5421,-172.5159,28.66,70,44,5.26,TK,1689460058
31,dhari,21.3333,71.0167,24.85,91,88,4.52,IN,1689460275
32,udachny,66.4167,112.4,8.87,50,26,2.18,RU,1689460073
33,albany,42.6001,-73.9662,30.91,69,100,0.89,US,1689460049
34,chabahar,25.2919,60.643,28.86,77,68,2.57,IR,1689460276
35,sandnessjoen,66.0217,12.6316,12.29,66,30,6.91,NO,1689459889
36,ust'-kulom,61.6864,53.6902,10.54,76,64,1.41,RU,1689459929
37,edinburgh of the seven seas,-37.0676,-12.3116,13.35,81,55,15.74,SH,1689460049
38,st. john's,47.5649,-52.7093,23.66,56,75,4.63,CA,1689459978
39,puerto natales,-51.7236,-72.4875,-1.19,75,71,2.13,CL,1689460051
40,bilibino,68.0546,166.4372,25.84,38,7,2.6,RU,1689460058
41,isafjordur,66.0755,-23.124,6.24,94,100,3.65,IS,1689460063
42,iqaluit,63.7506,-68.5145,12.85,76,40,2.57,CA,1689460060
43,thompson,55.7435,-97.8558,12.09,87,100,2.57,CA,1689460048
44,baie-comeau,49.2168,-68.1489,15.82,100,75,4.63,CA,1689460208
45,yellowknife,62.456,-114.3525,21.29,43,75,3.09,CA,1689460055
46,invercargill,-46.4,168.35,7.8,84,57,7.04,NZ,1689460065
47,lebu,-37.6167,-73.65,9.21,80,53,6.89,CL,1689460079
48,timbuktu,16.7735,-3.0074,34.15,38,27,1.72,ML,1689460062
49,avarua,-21.2078,-159.775,27.03,78,20,2.57,CK,1689459866
50,lihue,21.9789,-159.3672,28.77,66,40,5.66,US,1689460110
51,melekeok village,7.4957,134.6367,23.31,94,100,3.6,PW,1689460278
52,isangel,-19.55,169.2667,22.41,75,44,9.47,VU,1689459767
53,gadzhiyevo,69.2551,33.3362,13.13,96,95,1.19,RU,1689460075
54,terrace,54.5163,-128.6035,20.12,82,100,2.06,CA,1689459988
55,stanley,54.868,-1.6985,14.04,90,40,4.63,GB,1689460043
56,altai,46.3722,96.2583,17.13,41,43,1.07,MN,1689460279
57,juneau,58.3019,-134.4197,24.0,100,40,3.6,US,1689460006
58,talnakh,69.4865,88.3972,2.34,96,100,4.62,RU,1689460076
59,sungai penuh,-2.0833,101.3833,17.2,90,97,0.85,ID,1689460078
60,manhattan,40.7834,-73.9662,28.82,81,40,8.23,US,1689460209
61,ishinomaki,38.4167,141.3,28.0,85,100,2.09,JP,1689460280
62,cuero,29.0939,-97.2892,39.2,34,18,4.02,US,1689460280
63,guerande,47.3291,-2.4283,17.68,78,1,10.04,FR,1689460280
64,qaqortoq,60.7167,-46.0333,6.21,91,100,2.47,GL,1689460076
65,benguela,-12.5763,13.4055,19.61,87,19,0.84,AO,1689460281
66,nova vicosa,-17.8919,-39.3719,22.79,71,100,4.67,BR,1689460281
67,ta`u,-14.2336,-169.5144,27.01,75,92,7.35,AS,1689460056
68,hamilton,39.1834,-84.5333,28.23,82,75,3.6,US,1689460064
69,constantia,44.1833,28.65,20.39,78,0,3.33,RO,1689459906
70,nanlong,31.3533,106.0631,23.56,90,0,1.21,CN,1689460282
71,kumbo,6.2,10.6667,14.79,93,73,0.95,CM,1689460282
72,ushuaia,-54.8,-68.3,-0.19,80,20,7.2,AR,1689460053
73,utrik,11.2278,169.8474,28.39,75,20,6.76,MH,1689460067
74,blackmans bay,-43.0167,147.3167,12.07,71,99,6.31,AU,1689460051
75,wailua homesteads,22.0669,-159.378,28.44,73,40,5.66,US,1689460048
76,aral,40.5156,81.2636,30.49,12,9,2.89,CN,1689460095
77,west island,-12.1568,96.8225,25.99,73,100,7.2,CC,1689460062
78,yantarnyy,54.8717,19.9381,18.75,63,56,7.02,RU,1689460283
79,qamdo,31.1667,97.2333,3.5,84,75,1.19,CN,1689460095
80,kapit,2.0167,112.9333,23.78,94,100,0.55,MY,1689460283
81,nouadhibou,20.931,-17.0347,22.99,83,30,4.63,MR,1689460115
82,mahajanga,-15.7167,46.3167,22.01,56,20,4.12,MG,1689460284
83,port saint john's,-31.6229,29.5448,18.49,50,54,4.99,ZA,1689460109
84,kunming,25.0389,102.7183,14.96,67,0,2.0,CN,1689460284
85,buenavista del norte,28.3746,-16.861,24.75,70,5,8.52,ES,1689460284
86,alavus,62.5833,23.6167,11.99,84,71,1.81,FI,1689460075
87,ghadamis,30.1337,9.5007,31.55,11,0,4.49,LY,1689460284
88,keflavik,64.0049,-22.5624,10.95,81,0,11.32,IS,1689460109
89,patong,7.8961,98.2966,29.45,99,100,7.37,TH,1689460285
90,hawaiian paradise park,19.5933,-154.9731,27.24,73,100,2.06,US,1689460089
91,hithadhoo,-0.6,73.0833,27.66,76,1,2.02,MV,1689460053
92,santo antonio do ica,-3.1022,-67.9397,23.91,97,96,0.99,BR,1689460285
93,quellon,-43.1167,-73.6167,6.14,87,40,2.06,CL,1689460285
94,karimganj,24.8667,92.35,24.93,91,100,1.09,IN,1689460286
95,ust-nera,64.5667,143.2,18.45,78,78,3.45,RU,1689460057
96,bethel,41.3712,-73.414,28.62,77,0,3.6,US,1689459957
97,piedras negras,28.7,-100.5167,40.32,37,0,4.12,MX,1689460286
98,wanning,18.8003,110.3967,27.59,83,100,1.8,CN,1689459951
99,aleksandrovsk-sakhalinskiy,50.8975,142.1561,18.03,72,100,0.55,RU,1689460286
100,ilulissat,69.2167,-51.1,8.01,87,100,3.6,GL,1689460053
101,yanam,16.7333,82.2167,26.89,82,100,1.94,IN,1689460287
102,mount isa,-20.7333,139.5,14.87,67,20,2.06,AU,1689460287
103,san luis,-33.295,-66.3356,7.91,58,2,5.95,AR,1689460287
104,dara,15.3484,-15.4799,29.94,63,91,5.34,SN,1689460288
105,fale old settlement,-9.3852,-171.2468,28.37,71,33,4.12,TK,1689460061
106,sao benedito do rio preto,-3.3336,-43.5283,25.61,78,8,2.5,BR,1689460288
107,teguise,29.0605,-13.564,22.12,73,75,8.23,ES,1689460288
108,ambon,-3.6954,128.1814,26.04,95,40,2.06,ID,1689460096
109,villa gesell,-37.2639,-56.973,6.7,78,41,5.37,AR,1689459900
110,nar'yan-mar,67.6713,53.087,15.45,68,11,1.56,RU,1689460061
111,tsiroanomandidy,-18.7667,46.0333,11.35,70,0,0.58,MG,1689460289
112,anadyr,64.75,177.4833,16.28,72,0,5.0,RU,1689460049
113,labrador city,52.9463,-66.9114,20.95,60,100,1.03,CA,1689460289
114,mejit,10.2753,170.8646,28.02,77,41,6.76,MH,1689459943
115,kurmuk,10.55,34.2833,20.98,89,100,2.27,SD,1689460290
116,mariental,-24.6333,17.9667,12.2,27,0,3.07,NA,1689460290
117,chake chake,-5.2459,39.7666,23.85,81,12,5.22,TZ,1689460290
118,burang,30.25,81.1667,11.67,82,100,1.55,CN,1689460290
119,olonkinbyen,70.9221,-8.7187,4.29,97,100,7.78,SJ,1689460047
120,byron bay,-28.65,153.6167,14.28,72,0,2.33,AU,1689460067
121,kismayo,-0.3582,42.5454,24.87,80,68,7.33,SO,1689459861
122,ancud,-41.8697,-73.8203,6.74,79,22,2.67,CL,1689460083
123,i-n-salah,27.1935,2.4607,36.6,5,0,4.59,DZ,1689459940
124,enewetak,11.3474,162.3373,27.8,81,55,7.27,MH,1689460050
125,bengkulu,-3.8004,102.2655,24.19,88,95,1.38,ID,1689460097
126,biloela,-24.4167,150.5,19.55,49,1,4.37,AU,1689460291
127,daru,-9.0763,143.2092,25.81,74,94,5.74,PG,1689460292
128,saldanha,-33.0117,17.9442,13.03,89,100,5.06,ZA,1689460062
129,prieska,-29.6641,22.7474,11.65,51,12,2.02,ZA,1689460292
130,polyarnyy,69.1989,33.4478,13.57,95,97,0.66,RU,1689460060
131,severo-yeniseyskiy,60.3725,93.0408,9.97,94,100,3.44,RU,1689459892
132,iskateley,67.6803,53.1512,15.43,68,12,1.65,RU,1689460057
133,deder,9.3167,41.45,13.42,77,33,4.21,ET,1689460293
134,al kharijah,25.4514,30.5464,29.68,18,13,3.16,EG,1689460293
135,el rama,12.1596,-84.2195,25.26,95,100,2.49,NI,1689460293
136,happy valley-goose bay,53.3168,-60.3315,28.17,47,75,1.54,CA,1689460096
137,sao gabriel da cachoeira,-0.1303,-67.0892,24.86,96,93,1.0,BR,1689460081
138,klaksvik,62.2266,-6.589,12.51,92,100,12.75,FO,1689460094
139,kralendijk,12.15,-68.2667,28.99,74,75,9.77,BQ,1689459914
140,port lincoln,-34.7333,135.8667,10.38,65,56,1.7,AU,1689460092
141,zemio,5.0314,25.1361,20.6,99,82,2.54,CF,1689460294
142,margaret river,-33.95,115.0667,13.04,66,2,7.13,AU,1689460044
143,peniche,39.3558,-9.3811,19.05,72,1,8.56,PT,1689460092
144,santa terezinha,-29.9002,-50.0904,12.92,85,99,2.88,BR,1689459851
145,afaahiti,-17.75,-149.2833,27.93,70,22,4.89,PF,1689460092
146,hell-ville,-13.4,48.2667,23.81,68,1,2.69,MG,1689460295
147,kodiak,57.79,-152.4072,13.73,88,100,3.6,US,1689460045
148,boda,4.3189,17.4695,21.51,91,95,1.41,CF,1689460296
149,basavana bagevadi,16.5833,75.9667,23.07,80,100,6.91,IN,1689460296
150,nemuro,43.3236,145.575,13.06,99,100,4.73,JP,1689460297
151,micheweni,-4.9667,39.8333,24.63,80,17,6.43,TZ,1689460297
152,carupano,10.6678,-63.2585,26.72,85,37,4.7,VE,1689460302
153,nova sintra,14.8667,-24.7167,22.62,79,73,1.86,CV,1689460044
154,queenstown,-31.8976,26.8753,9.86,51,38,3.32,ZA,1689460088
155,lata,40.1629,-8.3327,18.78,87,2,1.88,PT,1689460109
156,mossel bay,-34.1831,22.146,14.96,61,50,2.66,ZA,1689459845
157,klyuchi,52.2667,79.1667,21.29,38,36,6.35,RU,1689460074
158,horta,38.5333,-28.6333,19.45,94,100,0.89,PT,1689460016
159,kerikeri,-35.2268,173.9474,13.28,93,96,0.89,NZ,1689460090
160,zouerate,22.7187,-12.4521,34.66,16,1,10.26,MR,1689460304
161,perdoes,-21.0908,-45.0914,16.5,66,1,0.98,BR,1689460304
162,hawera,-39.5917,174.2833,14.57,85,100,8.51,NZ,1689460304
163,anta,25.15,76.3,26.32,86,100,2.22,IN,1689460304
164,san antonio de pale,-1.4014,5.6325,23.28,84,31,3.3,GQ,1689460107
165,hobyo,5.3505,48.5268,24.89,83,49,10.96,SO,1689460083
166,pokrovsk,48.282,37.1758,15.07,75,14,3.37,UA,1689460305
167,tazovsky,67.4667,78.7,5.5,82,76,4.55,RU,1689459861
168,minas de marcona,-15.2119,-75.1103,15.54,70,11,4.38,PE,1689459843
169,chilecito,-29.1619,-67.4974,9.39,49,0,3.76,AR,1689460068
170,crane,31.3974,-102.3501,39.46,16,30,8.67,US,1689460119
171,inderbor,48.55,51.7833,18.68,69,41,9.7,KZ,1689460306
172,asbe teferi,9.0833,40.8667,15.97,76,8,3.54,ET,1689460306
173,callao,-12.0667,-77.15,23.73,64,0,5.66,PE,1689460306
174,ola,59.5833,151.2833,14.95,74,41,2.54,RU,1689460307
175,georgetown,5.4112,100.3354,28.46,92,20,1.03,MY,1689459763
176,fomboni,-12.28,43.7425,25.54,62,0,6.38,KM,1689460307
177,port macquarie,-31.4333,152.9167,16.91,54,1,2.67,AU,1689460270
178,kuqa,41.7278,82.9364,29.54,22,1,1.5,CN,1689460307
179,port elizabeth,-33.918,25.5701,14.16,77,0,1.54,ZA,1689460072
180,maputo,-25.9653,32.5892,15.82,63,0,3.09,MZ,1689460308
181,malabar,-33.9667,151.25,15.44,82,75,2.57,AU,1689460087
182,nueva guinea,11.6876,-84.4562,24.44,95,100,4.51,NI,1689460066
183,takoradi,4.8845,-1.7554,25.02,89,16,4.27,GH,1689460191
184,hermanus,-34.4187,19.2345,16.0,76,88,4.89,ZA,1689460072
185,el calafate,-50.3408,-72.2768,-3.83,68,7,1.9,AR,1689460309
186,carnarvon,-24.8667,113.6333,13.12,41,0,6.02,AU,1689460309
187,padang,-0.9492,100.3543,24.78,81,100,1.43,ID,1689460309
188,chiredzi,-21.05,31.6667,14.49,60,3,0.99,ZW,1689459911
189,kittila,67.6647,24.8936,14.08,77,0,1.03,FI,1689460310
190,arti,56.4234,58.5328,12.31,93,99,1.92,RU,1689460310
191,semikarakorsk,47.5194,40.8112,17.08,73,20,3.5,RU,1689460310
192,andapa,-14.65,49.65,17.2,93,88,1.39,MG,1689460311
193,las lomitas,-24.7096,-60.593,15.8,47,98,1.79,AR,1689460311
194,whitehorse,60.7161,-135.0538,26.17,31,75,7.2,CA,1689460041
195,ismailia,30.6043,32.2723,24.73,72,0,1.5,EG,1689460283
196,newman,37.3138,-121.0208,41.19,8,0,2.88,US,1689460042
197,luwuk,-0.9516,122.7875,24.97,82,94,1.77,ID,1689460312
198,lorengau,-2.0226,147.2712,28.06,78,66,6.23,PG,1689459891
199,broken hill,-31.95,141.4333,7.42,82,4,7.78,AU,1689460274
200,piattoni-villa sant'antonio,42.8634,13.7168,27.9,78,0,2.38,IT,1689460312
201,kirakira,-10.4544,161.9205,26.26,85,100,3.67,SB,1689460312
202,kiunga,-6.1219,141.2906,21.81,96,100,0.78,PG,1689459857
203,vallenar,-28.5708,-70.7581,18.33,35,0,1.66,CL,1689460101
204,andkhoy,36.9529,65.1238,25.75,23,0,4.81,AF,1689460313
205,balabac,7.9868,117.0645,28.42,79,100,9.1,PH,1689460313
206,selkirk,50.1436,-96.8845,21.71,49,96,6.05,CA,1689460288
207,sitka,57.0531,-135.33,16.94,77,40,1.54,US,1689460050
208,mermoz boabab,14.7065,-17.4758,29.31,81,96,4.61,SN,1689460314
209,nuuk,64.1835,-51.7216,9.93,93,100,4.63,GL,1689460314
210,nizhnevartovsk,60.9344,76.5531,13.01,62,0,4.92,RU,1689460314
211,codrington,-38.2667,141.9667,8.6,79,71,3.52,AU,1689460093
212,jamestown,42.097,-79.2353,26.8,65,0,0.0,US,1689460051
213,vila velha,-20.3297,-40.2925,20.53,80,75,2.06,BR,1689459800
214,cockburn town,21.4612,-71.1419,28.38,84,0,7.35,TC,1689459806
215,touros,-5.1989,-35.4608,25.42,82,4,6.07,BR,1689460116
216,jangaon,17.7167,79.1833,24.62,86,100,4.45,IN,1689460315
217,la villa del rosario,10.3258,-72.3134,27.81,74,62,5.72,VE,1689460315
218,antsiranana,-12.2787,49.2917,22.14,65,40,3.15,MG,1689459895
219,howrah,22.5892,88.3103,27.0,83,75,2.06,IN,1689459717
220,ulaangom,49.9811,92.0667,20.37,54,31,1.25,MN,1689460316
221,selfoss,63.9331,-20.9971,10.02,76,74,4.18,IS,1689459920
222,wotho,10.1657,166.0102,28.47,74,59,7.33,MH,1689460316
223,imbituba,-28.24,-48.6703,13.96,89,100,4.26,BR,1689460316
224,melfort,52.8667,-104.6177,21.07,35,99,5.66,CA,1689460316
225,prnjavor,44.8703,17.6628,21.59,89,0,1.06,BA,1689460317
226,mukalla,14.5425,49.1242,29.95,63,24,1.19,YE,1689460317
227,gibara,21.1097,-76.1317,32.62,81,70,6.94,CU,1689460318
228,egilsstadir,65.2653,-14.3948,6.95,81,75,6.17,IS,1689460107
229,pithoragarh,29.5833,80.2167,17.8,97,29,0.51,IN,1689460318
230,san pedro pochutla,15.7333,-96.4667,32.84,60,13,2.05,MX,1689460318
231,chonchi,-42.6128,-73.8092,6.18,93,26,1.42,CL,1689460085
232,hammerfest,70.6634,23.6821,12.25,76,75,2.06,NO,1689460319
233,college,64.8569,-147.8028,19.77,67,100,3.09,US,1689460041
234,annan,54.9884,-3.2565,14.71,95,95,5.07,GB,1689460319
235,beyneu,45.3167,55.2,27.5,39,0,4.31,KZ,1689460093
236,petropavlovsk-kamchatsky,53.0452,158.6483,14.33,94,75,2.0,RU,1689460085
237,vilyuysk,63.7553,121.6247,6.91,91,100,4.99,RU,1689459887
238,bargaal,11.2864,51.0773,29.67,51,0,12.02,SO,1689460320
239,turtas,58.9417,69.1325,11.19,87,100,3.48,RU,1689460320
240,la ronge,55.1001,-105.2842,19.14,48,75,5.66,CA,1689460320
241,lerwick,60.1545,-1.1494,14.0,93,95,2.8,GB,1689460321
242,alice springs,-23.7,133.8833,8.75,93,75,3.09,AU,1689460069
243,la porte,29.6658,-95.0194,39.51,62,20,5.14,US,1689460321
244,al jawf,29.5,38.75,31.57,13,3,4.22,SA,1689460321
245,boonville,38.9736,-92.7432,32.43,58,0,3.6,US,1689460322
246,batangafo,7.3008,18.2833,21.53,87,96,1.06,CF,1689460322
247,naliya,23.2667,68.8333,27.59,78,62,6.75,IN,1689460323
248,hadibu,12.65,54.0333,25.39,80,26,8.34,YE,1689460097
249,poronaysk,49.2167,143.1167,15.09,77,100,1.4,RU,1689460093
250,uturoa,-16.7333,-151.4333,26.63,61,4,4.67,PF,1689460105
251,brookings,44.3114,-96.7984,23.92,63,75,6.69,US,1689460104
252,dalbandin,28.8947,64.4101,31.2,12,1,2.48,PK,1689460324
253,dapa,9.7594,126.0531,27.99,73,99,1.38,PH,1689460324
254,srivardhan,18.0333,73.0167,26.2,89,100,4.68,IN,1689460325
255,praia da vitoria,38.7333,-27.0667,21.14,83,75,4.51,PT,1689460325
256,meiganga,6.5167,14.3,18.61,97,79,0.75,CM,1689460325
257,sao jose da coroa grande,-8.8978,-35.1478,24.56,85,7,3.58,BR,1689460325
258,sur,22.5667,59.5289,29.69,65,11,4.65,OM,1689459930
259,necochea,-38.5473,-58.7368,7.53,67,4,7.78,AR,1689459884
260,haiku-pauwela,20.9219,-156.3051,29.01,54,40,11.32,US,1689460093
261,winnipeg,49.8844,-97.147,21.68,47,75,8.23,CA,1689459941
262,coquimbo,-29.9533,-71.3436,13.85,88,0,3.6,CL,1689459950
263,vernon,50.2581,-119.2691,36.07,17,81,1.03,CA,1689459890
264,sikonge,-5.6333,32.7667,17.52,46,0,1.57,TZ,1689460327
265,kodinsk,58.6881,99.1844,13.57,61,100,1.11,RU,1689459912
266,northam,51.0333,-4.2167,15.34,88,100,9.92,GB,1689459920
267,ocean city,39.2776,-74.5746,27.79,85,85,1.34,US,1689460243
268,rosetta,31.4044,30.4164,25.98,82,0,4.56,EG,1689460327
269,issia,6.4922,-6.5856,21.75,99,69,1.57,CI,1689460328
270,korsakov,46.6328,142.7813,14.91,88,100,5.9,RU,1689460328
271,talakan,50.3167,130.3667,15.76,93,100,1.81,RU,1689460329
272,darwin,-12.4611,130.8418,23.99,88,75,2.06,AU,1689460329
273,okha,53.5739,142.9478,15.64,66,69,3.85,RU,1689460329
274,puerto baquerizo moreno,-0.9,-89.6,26.55,78,75,6.69,EC,1689459853
275,belmonte,-15.8631,-38.8828,22.54,89,90,5.69,BR,1689460330
276,bamboo flat,11.7,92.7167,27.61,82,100,6.63,IN,1689459926
277,rurrenabaque,-14.4413,-67.5278,21.78,73,4,0.44,BO,1689460330
278,port-gentil,-0.7193,8.7815,21.98,94,20,4.12,GA,1689460077
279,tidjikja,18.5564,-11.4271,33.2,36,24,6.05,MR,1689460331
280,revda,56.801,59.9303,11.14,98,100,1.28,RU,1689460331
281,yoko,5.5333,12.3167,18.34,94,82,0.66,CM,1689460332
282,novyye lyady,58.0536,56.6039,13.58,96,100,1.66,RU,1689460332
283,freetown,8.484,-13.2299,25.27,84,24,2.79,SL,1689460332
284,abu dhabi,24.4667,54.3667,38.06,46,0,2.06,AE,1689460034
285,sao francisco do sul,-26.2433,-48.6381,12.95,100,20,1.03,BR,1689460333
286,aripuana,-9.1667,-60.6333,28.44,50,3,0.87,BR,1689459886
287,portland,45.5234,-122.6762,37.01,29,20,5.66,US,1689459834
288,dudinka,69.4058,86.1778,2.57,88,87,4.74,RU,1689460080
289,mimizan,44.2006,-1.2289,21.05,68,54,2.48,FR,1689460333
290,la malbaie,47.6575,-70.1559,19.34,85,95,2.17,CA,1689460143
291,hami,42.8,93.45,30.9,12,5,3.92,CN,1689460333
292,khandyga,62.6667,135.6,10.81,79,72,1.5,RU,1689459879
293,gorom-gorom,14.4439,-0.2361,28.88,60,76,8.09,BF,1689460334
294,berriane,32.8265,3.7669,32.45,9,0,2.58,DZ,1689460334
295,dryden,49.7833,-92.7503,18.16,55,75,3.09,CA,1689459947
296,yeppoon,-23.1333,150.7333,16.88,73,83,5.07,AU,1689459943
297,new norfolk,-42.7826,147.0587,12.73,77,100,5.16,AU,1689460057
298,cestos city,5.46,-9.5828,24.76,86,30,2.53,LR,1689460335
299,urengoy,65.9667,78.3667,9.62,75,67,3.43,RU,1689460043
300,katsuura,35.1333,140.3,27.01,88,100,9.09,JP,1689459852
301,aykhal,66.0,111.5,8.12,54,14,2.67,RU,1689460065
302,tura,25.5198,90.2201,23.48,92,100,2.47,IN,1689460055
303,anzio,41.4853,12.6179,27.29,83,0,0.95,IT,1689460336
304,henryetta,35.4398,-95.9819,30.97,43,66,3.54,US,1689460336
305,kapa'a,22.0752,-159.319,29.18,74,40,5.66,US,1689460337
306,kourou,5.1552,-52.6478,28.03,82,42,3.78,GF,1689460112
307,ashburton,-37.8626,145.0794,8.55,85,1,0.89,AU,1689460337
308,hadyach,50.3711,33.991,14.88,73,29,3.22,UA,1689460338
309,ashland,40.8167,-82.2665,23.83,95,98,2.58,US,1689460338
310,berezovyy,51.6667,135.7,21.58,54,100,1.38,RU,1689460338
311,sipalay,9.75,122.5,26.09,89,100,4.71,PH,1689460338
312,yuzhno-kurilsk,44.0306,145.8556,13.49,97,100,2.0,RU,1689460339
313,kelso,46.1468,-122.9084,36.89,40,0,4.63,US,1689460339
314,oistins,13.0667,-59.5333,28.05,83,40,6.69,BB,1689460202
315,cabo san lucas,22.8909,-109.9124,35.9,49,75,1.54,MX,1689459633
316,bel ombre,-4.6167,55.4167,25.91,83,40,4.63,SC,1689460339
317,susuman,62.7833,148.1667,20.06,70,97,3.31,RU,1689460061
318,remire-montjoly,4.9167,-52.2667,28.02,78,0,1.54,GF,1689460102
319,ubari,26.5921,12.7805,29.34,14,0,2.72,LY,1689460340
320,geraldton,-28.7667,114.6,4.23,81,0,5.14,AU,1689460120
321,cabedelo,-6.9811,-34.8339,26.37,85,3,5.39,BR,1689460340
322,pimenta bueno,-11.6725,-61.1936,26.16,50,1,1.38,BR,1689460341
323,kone,-21.0595,164.8658,21.48,53,14,4.04,NC,1689460070
324,kailua-kona,19.6406,-155.9956,28.49,76,40,5.14,US,1689460116
325,malango,-2.9627,119.9001,18.74,87,100,0.57,ID,1689460342
326,akureyri,65.6835,-18.0878,5.96,93,75,5.14,IS,1689459892
327,duba,27.3513,35.6901,31.42,48,0,0.83,SA,1689460342
328,palmer,42.1584,-72.3287,29.87,69,100,3.6,US,1689460055
329,nguigmi,14.2495,13.1092,29.67,57,61,4.56,NE,1689460118
330,tselinnoye,53.0833,85.6667,17.19,58,95,3.82,RU,1689460343
331,east london,-33.0153,27.9116,17.87,55,72,2.56,ZA,1689460065
332,sittwe,20.15,92.9,25.91,90,100,2.57,MM,1689459940
333,smara,26.7384,-11.6719,22.9,63,0,7.89,EH,1689460066
334,paripiranga,-10.6875,-37.8617,18.91,93,5,3.03,BR,1689460344
335,faya-largeau,17.9257,19.1043,34.95,11,46,2.88,TD,1689460344
336,tsiombe,-25.3,45.4833,16.09,71,0,2.62,MG,1689460078
337,flying fish cove,-10.4217,105.6791,23.82,94,100,5.66,CX,1689459896
338,dolni chiflik,42.9833,27.7167,22.12,86,0,0.89,BG,1689460345
339,topchikha,52.8192,83.1185,15.87,42,23,4.29,RU,1689460345
340,mili,6.0815,171.735,28.44,75,100,7.8,MH,1689460346
341,howard springs,-12.497,131.047,23.95,72,61,3.68,AU,1689460346
342,wum,6.3833,10.0667,18.04,95,55,2.02,CM,1689460346
343,itamaraca,-7.7478,-34.8256,27.03,86,3,3.97,BR,1689460347
344,onega,63.9061,38.1404,15.21,79,72,0.21,RU,1689459897
345,biscarrosse,44.3945,-1.1672,18.97,68,0,2.06,FR,1689460347
346,lityn,49.3251,28.0809,16.25,76,0,0.68,UA,1689460347
347,saipan,15.1355,145.701,30.39,100,20,6.69,MP,1689460095
348,camayenne,9.535,-13.6878,27.05,83,40,2.06,GN,1689460348
349,novodvinsk,64.4165,40.8122,15.13,76,97,1.78,RU,1689459869
350,urucara,-2.5364,-57.76,28.94,56,45,1.54,BR,1689460348
351,sassandra,4.95,-6.0833,24.13,92,35,2.71,CI,1689460348
352,letterkenny,54.95,-7.7333,13.02,95,100,6.72,IE,1689460349
353,hasaki,35.7333,140.8333,29.22,83,100,5.71,JP,1689460114
354,vorgashor,67.5833,63.95,9.28,73,30,0.91,RU,1689460045
355,zeya,53.75,127.2667,22.18,70,89,0.3,RU,1689459943
356,colonia,50.9333,6.95,22.2,69,0,5.66,DE,1689459568
357,verkhnevilyuysk,63.4453,120.3167,10.7,64,95,4.49,RU,1689460349
358,parauapebas,-6.0675,-49.9022,27.99,78,0,0.0,BR,1689460350
359,abraka,5.7902,6.1047,23.27,98,100,1.36,NG,1689460350
360,taunggyi,20.7833,97.0333,17.46,96,100,0.59,MM,1689460350
361,karratha,-20.7377,116.8463,15.99,45,1,7.54,AU,1689460350
362,alvaraes,-3.2208,-64.8042,28.93,91,65,1.61,BR,1689460351
363,zheleznogorsk,52.331,35.3711,12.59,89,32,3.22,RU,1689460351
364,guadalupe y calvo,26.1,-106.9667,20.95,61,90,2.7,MX,1689460351
365,kapuskasing,49.4169,-82.4331,25.05,60,100,3.09,CA,1689459998
366,luderitz,-26.6481,15.1594,15.68,54,0,6.09,NA,1689460352
367,porangatu,-13.4408,-49.1486,26.76,29,38,0.7,BR,1689460352
368,moyynkum,44.2914,72.9469,23.95,24,0,3.57,KZ,1689460352
369,aldinga beach,-35.2793,138.4604,9.81,77,4,0.97,AU,1689460352
370,tenno,39.9,139.9667,24.56,96,100,4.97,JP,1689460353
371,pisco,-13.7,-76.2167,21.03,68,20,6.69,PE,1689460353
372,kiffa,16.6166,-11.4045,36.31,35,75,3.87,MR,1689459858
373,savastepe,39.3832,27.6561,22.81,67,0,2.71,TR,1689460353
374,eyl,7.9803,49.8164,25.25,74,1,11.38,SO,1689460070
375,nogliki,51.8333,143.1667,13.06,78,99,3.0,RU,1689460081
376,quang ngai,15.1167,108.8,25.06,88,100,2.27,VN,1689460354
377,acireale,37.6125,15.1663,28.14,55,0,2.57,IT,1689460354
378,vilyuchinsk,52.9306,158.4028,15.15,88,100,1.11,RU,1689460085
379,tamanrasset,22.785,5.5228,29.95,11,0,3.09,DZ,1689460354
380,griffith,41.5284,-87.4237,29.94,67,0,4.12,US,1689460355
381,christchurch,-43.5333,172.6333,12.96,79,100,0.51,NZ,1689459641
382,ust'-barguzin,53.45,108.9833,12.87,80,6,0.76,RU,1689460355
383,rongelap,11.1635,166.8941,28.17,77,29,6.58,MH,1689460123
384,east ballina,-28.8667,153.5833,14.33,70,0,3.07,AU,1689460073
385,novoishimskiy,53.1981,66.7694,13.63,95,70,3.07,KZ,1689460357
386,villa huidobro,-34.8383,-64.5869,7.93,39,39,2.18,AR,1689460357
387,alaghsas,17.0187,8.0168,33.92,26,96,3.35,NE,1689460357
388,merizo village,13.2658,144.6691,29.99,88,67,7.11,GU,1689460357
389,laguna,38.421,-121.4238,42.81,25,0,1.79,US,1689459878
390,hilo,19.7297,-155.09,28.49,87,100,2.06,US,1689460358
391,kill devil hills,36.0307,-75.676,29.0,85,0,8.23,US,1689459860
392,lethem,3.3803,-59.7968,26.22,79,74,3.01,GY,1689460358
393,mitu,1.1983,-70.1733,23.41,98,50,0.29,CO,1689460359
394,beolgyo,34.8449,127.3429,24.86,94,94,1.53,KR,1689460359
395,pariaman,-0.619,100.12,25.08,81,100,1.29,ID,1689460359
396,punta arenas,-53.15,-70.9167,0.06,80,20,9.77,CL,1689459611
397,cidade velha,14.9167,-23.6167,27.26,83,20,2.57,CV,1689460359
398,sarishabari,24.7333,89.8333,26.4,88,100,7.23,BD,1689460360
399,rampur,28.8167,79.0333,26.74,87,45,2.38,IN,1689460360
400,port douglas,-16.4833,145.4667,23.26,76,37,5.4,AU,1689460360
401,puerto madryn,-42.7692,-65.0385,6.15,62,3,5.29,AR,1689460337
402,terme,41.2092,36.9739,22.96,91,3,2.67,TR,1689460361
403,krasnapollye,53.3337,31.4014,13.62,76,20,2.71,BY,1689460361
404,ponta delgada,37.7333,-25.6667,20.4,73,20,1.54,PT,1689460090
405,amarillo,35.222,-101.8313,31.23,52,75,2.57,US,1689460059
406,tirumullaivasal,11.2333,79.8333,28.37,74,100,4.78,IN,1689460361
407,serhiyivka,46.0272,30.3768,21.45,68,0,3.81,UA,1689460362
408,beau vallon,-20.4189,57.6953,23.13,88,40,3.09,MU,1689460362
409,norilsk,69.3535,88.2027,2.46,89,100,4.17,RU,1689460362
410,kununurra,-15.7667,128.7333,15.99,94,1,0.51,AU,1689460082
411,sungailiat,-1.85,106.1333,25.17,82,100,2.04,ID,1689460362
412,kannur,11.8675,75.3576,25.01,88,100,2.3,IN,1689460362
413,brinkmann,-30.8659,-62.0374,9.84,69,42,2.94,AR,1689460363
414,tofol,5.3248,163.0078,28.2,79,98,6.92,FM,1689460363
415,ozark,37.0209,-93.206,32.26,55,22,4.61,US,1689460231
416,parkes,-33.1333,148.1833,11.31,93,80,0.54,AU,1689460363
417,gibong,11.8634,122.0394,27.15,85,100,11.11,PH,1689460364
418,big bear city,34.2611,-116.845,34.91,16,0,6.69,US,1689460364
419,kayangel,8.0823,134.7173,27.48,83,100,7.37,PW,1689460365
420,west bay,19.3667,-81.4167,32.04,76,20,5.66,KY,1689460365
421,talara,-4.5772,-81.2719,25.42,73,40,5.14,PE,1689460365
422,mount pearl,47.5166,-52.7813,23.19,56,75,4.63,CA,1689460084
423,aswan,24.0934,32.907,34.61,15,0,2.06,EG,1689460284
424,arendal,58.4615,8.7725,14.89,94,100,2.91,NO,1689460366
425,ghat,24.9647,10.1728,30.2,10,0,3.02,LY,1689460366
426,guerrero negro,27.9769,-114.0611,24.24,59,14,7.91,MX,1689460218
427,brisas de zicatela,15.8369,-97.0419,32.29,62,20,4.12,MX,1689459909
428,fort st. john,56.2499,-120.8529,22.94,49,100,2.06,CA,1689460367
429,dhuburi,26.0333,89.9667,25.84,94,100,1.82,IN,1689460367
430,luau,-10.7073,22.2247,15.78,37,2,2.0,AO,1689460367
431,moses lake,47.1301,-119.2781,37.71,11,0,3.09,US,1689460368
432,kruisfontein,-34.0033,24.7314,11.6,90,81,2.47,ZA,1689460092
433,santa rosa de lima,13.6247,-87.8936,37.0,56,73,2.12,SV,1689460368
434,kavaratti,10.5669,72.642,27.81,80,100,6.8,IN,1689460368
435,el fasher,13.6279,25.3494,29.9,48,73,5.97,SD,1689460368
436,ceeldheer,3.8488,47.1806,24.53,83,22,7.53,SO,1689459928
437,yelizovo,53.1873,158.3805,15.08,93,75,2.0,RU,1689460369
438,juan griego,11.0817,-63.9655,26.83,84,77,6.71,VE,1689460369
439,rio grande,-32.035,-52.0986,11.06,80,60,2.64,BR,1689460369
440,itagiba,-14.2836,-39.8428,19.74,96,57,1.02,BR,1689460370
441,nema,57.5067,50.5011,12.83,87,98,2.43,RU,1689460113
442,kingston,17.997,-76.7936,32.36,76,20,10.29,JM,1689459868
443,bage,-31.3314,-54.1069,8.94,88,86,2.28,BR,1689460370
444,sao raimundo das mangabeiras,-7.0219,-45.4811,26.76,52,38,1.92,BR,1689460370
445,lusaka,-15.4067,28.2871,9.14,81,0,1.54,ZM,1689460291
446,dataganj,28.0333,79.4,27.23,83,22,1.66,IN,1689460371
447,sola,-13.8833,167.55,25.58,79,95,11.75,VU,1689460371
448,agadez,19.75,10.25,32.86,11,2,4.69,NE,1689460372
449,farsan,32.2569,50.561,16.02,24,0,2.28,IR,1689460372
450,tirebolu,41.0069,38.8139,21.94,81,1,3.73,TR,1689460372
451,el granada,37.5027,-122.4694,37.18,67,20,6.69,US,1689459963
452,palafrugell,41.9174,3.1631,25.42,49,0,2.24,ES,1689460373
453,fuling,29.7022,107.3919,21.96,90,16,1.29,CN,1689459831
454,vila franca do campo,37.7167,-25.4333,20.23,81,61,2.48,PT,1689459897
455,stephenville,32.2207,-98.2023,38.19,32,0,3.09,US,1689460373
456,piti village,13.4626,144.6933,30.17,82,20,5.66,GU,1689460048
457,mar del plata,-38.0023,-57.5575,9.41,68,20,7.6,AR,1689460096
458,maridi,4.9158,29.4742,19.14,94,11,1.45,SS,1689460374
459,hafar al-batin,28.4328,45.9708,34.32,14,0,4.12,SA,1689460100
460,tchollire,8.4022,14.1698,22.81,86,98,1.31,CM,1689460374
461,la passe,45.5549,-0.8967,18.88,65,3,5.31,FR,1689460099
462,balkanabat,39.5108,54.3671,28.2,47,59,3.66,TM,1689460374
463,ain taya,36.7933,3.2869,28.91,70,40,2.06,DZ,1689460374
464,pratt,37.6439,-98.7376,33.75,33,0,0.0,US,1689460375
465,puerto cabezas,14.0351,-83.3888,27.98,94,75,6.17,NI,1689460375
466,kiiminki,65.1314,25.7974,14.81,57,60,2.51,FI,1689460375
467,yaren,-0.5472,166.916,28.48,72,71,2.34,NR,1689460375
468,pandan,14.0453,124.1694,27.55,82,100,4.81,PH,1689460375
469,veraval,20.9,70.3667,27.45,83,96,7.15,IN,1689459870
470,krasnogorskoye,52.2953,86.1979,15.63,78,51,2.05,RU,1689460376
471,gangarampur,25.4,88.5167,26.01,89,93,4.84,IN,1689460376
472,port shepstone,-30.7414,30.455,17.38,49,4,4.59,ZA,1689460376
473,north bend,43.4065,-124.2243,29.02,77,100,11.32,US,1689459919
474,ostersund,63.1792,14.6357,15.9,33,100,6.26,SE,1689460377
475,bodaybo,57.8506,114.1933,13.21,80,52,0.51,RU,1689459901
476,malvan,16.0667,73.4667,26.5,86,99,5.63,IN,1689459899
477,ishioka,36.1833,140.2667,29.24,100,75,3.6,JP,1689460377
478,santiago,-33.4569,-70.6483,15.16,62,75,3.09,CL,1689460019
479,mont-dore,-22.2833,166.5833,22.22,99,87,6.76,NC,1689460205
480,hohoe,7.1518,0.4736,23.47,97,100,1.34,GH,1689460378
481,piquete,-22.6136,-45.1761,15.25,73,0,0.85,BR,1689460378
482,ploneour-lanvern,47.9,-4.2833,15.18,94,75,5.66,FR,1689460378
483,mbanza-ngungu,-5.25,14.8667,23.31,46,1,2.2,CD,1689460098
484,tazacorte,28.629,-17.9293,23.54,95,100,8.23,ES,1689459908
485,torbat-e jam,35.244,60.6225,25.68,20,0,4.72,IR,1689460378
486,coahuayana de hidalgo,18.7,-103.6583,31.59,69,89,2.75,MX,1689460378
487,conduaga,8.862,117.4893,26.75,87,100,5.68,PH,1689460379
488,san luis de la loma,17.2706,-100.8939,31.26,65,29,3.19,MX,1689460379
489,hargeysa,9.56,44.065,22.47,54,0,12.97,SO,1689459857
490,shindand,33.3029,62.1474,26.9,15,0,4.53,AF,1689460379
491,molchanovo,57.5817,83.7692,13.13,95,68,1.88,RU,1689460380
492,langepas,61.2544,75.2124,12.33,59,4,5.69,RU,1689460380
493,kovdor,67.5662,30.4758,12.46,86,56,2.51,RU,1689460380
494,akjoujt,19.6969,-14.4164,26.47,59,1,8.73,MR,1689460380
495,suntar,62.1444,117.6319,9.75,58,19,2.32,RU,1689459916
496,mildura,-34.2,142.15,6.76,71,0,3.75,AU,1689460381
497,sangmelima,2.9333,11.9833,20.54,96,81,1.07,CM,1689460381
498,manokwari,-0.8667,134.0833,25.54,79,100,2.36,ID,1689459953
499,mahina,-17.5065,-149.489,28.87,61,20,2.06,PF,1689460059
500,doume,4.2333,13.45,20.37,96,49,1.08,CM,1689460382
501,katsuren-haebaru,26.3369,127.8719,29.01,88,75,6.69,JP,1689460382
502,shimoda,34.6667,138.95,25.83,90,80,8.31,JP,1689459851
503,waddan,29.1614,16.139,26.61,33,0,2.55,LY,1689460382
504,gao,16.6362,1.637,29.16,55,83,5.25,ML,1689460382
505,mahibadhoo,3.7833,72.9667,28.21,75,36,3.51,MV,1689460383
506,villa bruzual,9.3328,-69.1208,25.57,90,53,0.82,VE,1689460383
507,les sables-d'olonne,46.6667,-1.8333,17.44,72,1,7.42,FR,1689460383
508,taltal,-25.4,-70.4833,16.39,79,64,2.26,CL,1689459920
509,longquan,24.6719,102.1613,17.75,91,100,1.34,CN,1689460383
510,mora,11.0461,14.1401,26.33,66,60,0.56,CM,1689460383
511,igarka,67.4667,86.5833,9.01,90,98,5.4,RU,1689459857
512,berdigestyakh,62.0989,126.6992,10.71,58,10,2.62,RU,1689460123
513,namibe,-15.1961,12.1522,19.78,50,0,1.75,AO,1689459858
514,aver-o-mar,41.4078,-8.7812,16.8,77,0,2.57,PT,1689460384
515,gulf shores,30.246,-87.7008,34.13,63,0,7.2,US,1689460384
516,solleftea,63.1667,17.2667,16.92,85,97,1.94,SE,1689460384
517,kota tinggi,1.7381,103.8999,29.0,93,100,1.34,MY,1689460385
518,kalmunai,7.4167,81.8167,26.82,81,97,2.86,LK,1689460385
519,chui,-33.6971,-53.4616,8.93,78,35,1.99,UY,1689460047
520,tralee,52.2704,-9.7026,12.95,91,99,7.6,IE,1689460385
521,tual,-5.6667,132.75,26.1,81,99,6.97,ID,1689460072
522,correntina,-13.3433,-44.6367,24.81,35,20,1.74,BR,1689460385
523,mugia,43.1041,-9.2179,16.06,74,11,4.34,ES,1689460106
524,kolonia,50.9333,6.95,22.2,69,0,5.66,DE,1689459823
525,lafayette,30.2335,-92.0668,35.55,60,0,4.63,US,1689460251
526,nehe,48.4833,124.8333,16.63,83,100,5.91,CN,1689460386
527,ciudad lazaro cardenas,17.9583,-102.2,31.84,63,96,4.15,MX,1689460120
528,bathsheba,13.2167,-59.5167,28.34,83,40,6.69,BB,1689459899
529,sorsk,54.0033,90.2467,14.95,93,100,2.54,RU,1689460386
530,dhidhdhoo,6.8833,73.1,28.22,77,96,6.01,MV,1689460386
531,santana,-0.0583,-51.1817,29.1,79,20,4.63,BR,1689460208
532,senador jose porfirio,-2.5908,-51.9542,26.69,71,60,0.63,BR,1689460387
533,saudarkrokur,65.7461,-19.6394,6.27,96,100,5.99,IS,1689460387
534,cumana,10.4635,-64.1775,26.48,87,52,6.85,VE,1689460387
535,nizhnedevitsk,51.5419,38.3657,13.6,89,38,4.43,RU,1689460388
536,toropets,56.4978,31.6353,13.12,77,38,2.3,RU,1689460388
537,maun,-19.9833,23.4167,12.21,46,0,2.95,BW,1689460388
538,caraballeda,10.6112,-66.8522,32.04,70,75,3.09,VE,1689460388
539,vadso,70.0744,29.7487,13.49,94,100,2.06,NO,1689460389
540,la'ie,21.6477,-157.9253,28.98,69,8,5.82,US,1689460094
541,tutoia,-2.7619,-42.2744,26.61,84,39,5.95,BR,1689460389
542,kongsberg,59.6652,9.6465,15.54,99,100,1.22,NO,1689460389
543,pingyin,36.2831,116.4453,24.81,55,0,2.48,CN,1689460389
544,arkhangel'sk,64.5401,40.5433,14.27,79,99,1.68,RU,1689460018
545,acarau,-2.8856,-40.12,26.26,82,5,8.51,BR,1689460390
546,dunedin,-45.8742,170.5036,9.65,73,90,5.22,NZ,1689460203
547,proletariy,58.4342,31.7046,13.78,79,49,2.36,RU,1689460390
548,lai chau,22.3997,103.4517,20.14,81,56,1.37,VN,1689460120
549,orsa,54.5153,30.4053,13.14,66,1,1.7,BY,1689460390
550,kinwat,19.6333,78.2,24.81,88,100,3.54,IN,1689460391
551,gorontalo,0.5412,123.0595,23.55,93,100,1.11,ID,1689460391
552,barra de santo antonio,-9.4047,-35.5072,25.6,85,4,3.61,BR,1689460391
553,larkird,35.4894,66.6641,18.28,38,9,0.74,AF,1689460391
554,weno,7.4515,151.8468,29.97,84,100,2.57,FM,1689459929
555,khanty-mansiysk,61.0042,69.0019,12.06,71,0,2.0,RU,1689460392
556,mabaruma,8.2,-59.7833,26.39,85,63,2.03,GY,1689460121
557,concordia,-31.393,-58.0209,11.55,84,97,1.79,AR,1689460202
558,luganville,-15.5333,167.1667,24.49,83,92,7.72,VU,1689460392
559,cristalina,-16.7686,-47.6136,19.82,49,73,1.42,BR,1689460200
560,gilgit,35.9221,74.3087,29.39,40,95,0.59,PK,1689460392
561,akobo,7.4344,3.9497,22.49,98,95,1.7,NG,1689460393
562,abra pampa,-22.7205,-65.697,7.6,9,70,2.52,AR,1689460393
563,roslavl',53.9528,32.8639,12.59,85,12,1.8,RU,1689460393
564,fallon,39.4735,-118.7774,42.73,17,0,2.06,US,1689460393
565,kapiri mposhi,-13.9652,28.6809,9.84,80,0,2.22,ZM,1689460394
566,ono-hara,34.2833,132.2667,25.66,93,94,1.79,JP,1689460394
567,dakhla,23.6848,-15.958,20.72,86,0,11.85,EH,1689459910
568,virginia beach,36.8529,-75.978,29.47,82,75,2.68,US,1689460171
569,santa cruz,-17.8,-63.1667,20.7,68,20,6.17,BO,1689459891
